id,city_name,country_clean,lat,lon,degree,median_km_to_neighbors,suspicion
3204,Stronsay,USA,43.13334388888889,-96.18749444444444,3,6165.381937757836,106.64341083796022
3201,Sanday,USA,38.33262666666667,-77.03719638888889,3,5566.201019499199,96.27930079948949
2300,Sara,USA,58.166666666666664,-135.25,2,9687.47316772684,87.85071362920354
2296,Green Island,USA,29.26272694444444,-89.96118249999999,1,13347.915022293331,80.84505114665129
3293,Wasum,CANADA,62.233333333333334,-133.35,1,9959.282546557375,77.76730571017421
3144,Hasvik,NEW_ZEALAND,-43.87027777777778,169.07611111111112,2,16588.352833039975,68.14670319960742
2946,Alluitsup Paa,USA,37.489492500000004,-94.31150444444445,3,4223.387918716934,57.89416831112187
2662,Portage Creek,MEXICO,20.077444444444446,-98.78247111111111,1,6388.546895466265,56.91207659941524
3270,Matupa,PHILIPPINES,6.166666666666667,124.28333333333333,2,19591.94698540715,56.01635115489142
800,Maloelap Island,MOZAMBIQUE,-22.083333333333332,31.683333333333334,1,15376.316112612805,50.84411450919827
2999,Tekadu,INDONESIA,-5.233333333333333,105.18333333333334,1,4594.951564813416,43.016164968022174
3327,Mehamn,USA,45.516666666666666,-118.4,5,6804.4203196325725,39.71763754017714
2663,Aleknagik,CANADA,49.71666666666667,-88.33333333333333,1,4438.080435444491,39.53643572306415
1930,Maningrida,AUSTRALIA,-36.89,145.18305555555557,4,2948.599052706577,35.85801557350036
2866,Ste Marie,USA,33.995694444444446,-80.3615,2,14683.64437880061,35.47231589402706
688,St Thomas Island,AUSTRALIA,-24.118333333333332,134.39,15,17900.628843738737,33.7843780436319
1978,Wewak,CANADA,49.016666666666666,-122.78333333333333,5,10664.104772745102,32.731904232611946
1331,Jersey,AUSTRALIA,-35.373333333333335,145.7225,18,16898.365583094914,31.872283163397544
1768,Cheong Ju City,USA,43.36530138888889,-92.13308222222223,1,10608.864015696188,29.26209219576269
387,Cochabamba,AUSTRALIA,-31.333333333333332,149.26166666666666,6,13335.017916578698,25.00039045052007
2460,Sandane,CONGO,-9.633333333333333,22.85,4,7960.7644817427745,24.205760985234352
1388,Cagliari,AUSTRALIA,-32.265,125.49333333333334,11,14280.187603634553,20.856118259664672
2226,Laucala Island,AUSTRALIA,-22.466666666666665,136.25,1,4625.974215797851,20.560419813731063
737,Ottawa,AUSTRALIA,-27.9,144.61666666666667,26,15706.58590880235,19.439543415548673
1941,Santa Cruz Island,MEXICO,16.166666666666668,-95.2,2,11780.891658781697,18.20602950134607
605,Wanaka,TANZANIA,-8.35,35.3,1,12478.133027323707,18.18458620872725
749,Carlsbad,AUSTRALIA,-30.9875,148.37416666666667,4,13340.549111708877,17.818437568604924
1969,Popondetta,USA,57.58038055555556,-157.56744444444445,5,8908.290229729586,16.216956906584727
2814,Joao Pessoa,NEPAL,26.566666666666666,88.06666666666666,4,13857.769656894154,15.774427880566847
2798,Tucurui,SAUDI_ARABIA,21.3,41.6,2,10185.89025951548,15.28680807561304
