node_id,suspicion_score,n_neighbors,old_node_id,suspect_rank
2292,116.0747724906041,2,2300,1
2532,114.75281326720044,2,2541,2
3188,112.25546757228955,3,3204,3
3185,101.3459513706091,3,3201,4
3326,99.82522101680902,2,3346,5
3268,85.41362794314301,2,3287,6
3273,83.11945014452913,2,3292,7
2526,82.9157671082386,2,2535,8
3250,79.94421878994798,2,3270,9
3129,78.76146291826578,2,3144,10
2933,74.40210411831175,3,2946,11
3277,58.535510014769784,2,3296,12
2540,51.71152040390924,2,2549,13
3307,47.84295705085821,5,3327,14
1940,40.096640179101314,2,1941,15
3018,39.98347845202906,2,3031,16
2855,33.8077140797017,2,2866,17
1932,33.36722658196177,2,1933,18
2618,31.711202998856884,2,2628,19
2200,30.417651307108788,2,2206,20
1564,29.76273330374328,2,1564,21
3341,28.432888705152923,2,3361,22
2389,26.26859763547137,3,2397,23
3050,25.437049687609058,3,3063,24
1121,24.82271757851861,5,1121,25
1977,24.22818720025616,5,1978,26
2896,23.73547444650282,3,2909,27
2531,23.52052657232462,2,2540,28
3115,18.855244508162574,2,3130,29
2780,18.542150744222948,4,2791,30
