method,config,scenario,seed,eval_set,negatives,auc,ap,hits@50,date
gae_gcn,"{""dropout"": 0.3, ""encoder"": ""gcn"", ""epochs"": 300, ""features"": {""node"": {""coords_sincos"": true, ""degree"": true, ""log_pop"": true, ""pop_missing"": true}, ""pair"": {""distance"": true, ""same_country"": true}}, ""hidden"": 64, ""layers"": 2, ""lr"": 0.01, ""out"": 32, ""patience"": 30, ""seed"": 0}",test10,0,val,random,0.9867758749719089,0.9864783000245951,0.9586410635155096,2026-10-01T16:12:27
gae_gcn,"{""dropout"": 0.3, ""encoder"": ""gcn"", ""epochs"": 300, ""features"": {""node"": {""coords_sincos"": true, ""degree"": true, ""log_pop"": true, ""pop_missing"": true}, ""pair"": {""distance"": true, ""same_country"": true}}, ""hidden"": 64, ""layers"": 2, ""lr"": 0.01, ""out"": 32, ""patience"": 30, ""seed"": 0}",test10,0,val,hard,0.8486611146141745,0.8597578026151529,0.5923190546528804,2026-10-01T16:12:27
gae_gcn,"{""dropout"": 0.3, ""encoder"": ""gcn"", ""epochs"": 300, ""features"": {""node"": {""coords_sincos"": true, ""degree"": true, ""log_pop"": true, ""pop_missing"": true}, ""pair"": {""distance"": true, ""same_country"": true}}, ""hidden"": 64, ""layers"": 2, ""lr"": 0.01, ""out"": 32, ""patience"": 30, ""seed"": 0}",test10,1,val,random,0.9870638776948436,0.985651800864181,0.9556868537666174,2026-10-01T16:12:42
gae_gcn,"{""dropout"": 0.3, ""encoder"": ""gcn"", ""epochs"": 300, ""features"": {""node"": {""coords_sincos"": true, ""degree"": true, ""log_pop"": true, ""pop_missing"": true}, ""pair"": {""distance"": true, ""same_country"": true}}, ""hidden"": 64, ""layers"": 2, ""lr"": 0.01, ""out"": 32, ""patience"": 30, ""seed"": 0}",test10,1,val,hard,0.8337264279589554,0.8444811443899998,0.4918759231905465,2026-10-01T16:12:42
gae_gcn,"{""dropout"": 0.3, ""encoder"": ""gcn"", ""epochs"": 300, ""features"": {""node"": {""coords_sincos"": true, ""degree"": true, ""log_pop"": true, ""pop_missing"": true}, ""pair"": {""distance"": true, ""same_country"": true}}, ""hidden"": 64, ""layers"": 2, ""lr"": 0.01, ""out"": 32, ""patience"": 30, ""seed"": 0}",test10,2,val,random,0.9879147948307874,0.9870208647741036,0.96602658788774,2026-10-01T16:13:03
gae_gcn,"{""dropout"": 0.3, ""encoder"": ""gcn"", ""epochs"": 300, ""features"": {""node"": {""coords_sincos"": true, ""degree"": true, ""log_pop"": true, ""pop_missing"": true}, ""pair"": {""distance"": true, ""same_country"": true}}, ""hidden"": 64, ""layers"": 2, ""lr"": 0.01, ""out"": 32, ""patience"": 30, ""seed"": 0}",test10,2,val,hard,0.8233866938378327,0.824008076362949,0.4859675036927622,2026-10-01T16:13:03
gae_gcn,"{""dropout"": 0.3, ""encoder"": ""gcn"", ""epochs"": 300, ""features"": {""node"": {""coords_sincos"": true, ""degree"": true, ""log_pop"": true, ""pop_missing"": true}, ""pair"": {""distance"": true, ""same_country"": true}}, ""hidden"": 64, ""layers"": 2, ""lr"": 0.01, ""out"": 32, ""patience"": 30, ""seed"": 0}",test10,3,val,random,0.9923962917467584,0.9919154325964492,0.982274741506647,2026-10-01T16:13:25
gae_gcn,"{""dropout"": 0.3, ""encoder"": ""gcn"", ""epochs"": 300, ""features"": {""node"": {""coords_sincos"": true, ""degree"": true, ""log_pop"": true, ""pop_missing"": true}, ""pair"": {""distance"": true, ""same_country"": true}}, ""hidden"": 64, ""layers"": 2, ""lr"": 0.01, ""out"": 32, ""patience"": 30, ""seed"": 0}",test10,3,val,hard,0.8455694490202452,0.856455466699973,0.5376661742983752,2026-10-01T16:13:25
gae_gcn,"{""dropout"": 0.3, ""encoder"": ""gcn"", ""epochs"": 300, ""features"": {""node"": {""coords_sincos"": true, ""degree"": true, ""log_pop"": true, ""pop_missing"": true}, ""pair"": {""distance"": true, ""same_country"": true}}, ""hidden"": 64, ""layers"": 2, ""lr"": 0.01, ""out"": 32, ""patience"": 30, ""seed"": 0}",test10,4,val,random,0.99087555009611,0.9903343555576318,0.9689807976366323,2026-10-01T16:13:41
gae_gcn,"{""dropout"": 0.3, ""encoder"": ""gcn"", ""epochs"": 300, ""features"": {""node"": {""coords_sincos"": true, ""degree"": true, ""log_pop"": true, ""pop_missing"": true}, ""pair"": {""distance"": true, ""same_country"": true}}, ""hidden"": 64, ""layers"": 2, ""lr"": 0.01, ""out"": 32, ""patience"": 30, ""seed"": 0}",test10,4,val,hard,0.847836379543952,0.8570666924475919,0.552437223042836,2026-10-01T16:13:41
gae_gcn,"{""dropout"": 0.3, ""encoder"": ""gcn"", ""epochs"": 300, ""features"": {""node"": {""coords_sincos"": true, ""degree"": true, ""log_pop"": true, ""pop_missing"": true}, ""pair"": {""distance"": true, ""same_country"": true}}, ""hidden"": 64, ""layers"": 2, ""lr"": 0.01, ""out"": 32, ""patience"": 30, ""seed"": 0}",test20,0,val,random,0.9807147267574167,0.9819622163132072,0.948301329394387,2026-10-01T16:13:46
gae_gcn,"{""dropout"": 0.3, ""encoder"": ""gcn"", ""epochs"": 300, ""features"": {""node"": {""coords_sincos"": true, ""degree"": true, ""log_pop"": true, ""pop_missing"": true}, ""pair"": {""distance"": true, ""same_country"": true}}, ""hidden"": 64, ""layers"": 2, ""lr"": 0.01, ""out"": 32, ""patience"": 30, ""seed"": 0}",test20,0,val,hard,0.8436854312077133,0.8490072130404402,0.552437223042836,2026-10-01T16:13:46
gae_gcn,"{""dropout"": 0.3, ""encoder"": ""gcn"", ""epochs"": 300, ""features"": {""node"": {""coords_sincos"": true, ""degree"": true, ""log_pop"": true, ""pop_missing"": true}, ""pair"": {""distance"": true, ""same_country"": true}}, ""hidden"": 64, ""layers"": 2, ""lr"": 0.01, ""out"": 32, ""patience"": 30, ""seed"": 0}",test20,1,val,random,0.988098069290837,0.98744854824026,0.9645494830132939,2026-10-01T16:14:03
gae_gcn,"{""dropout"": 0.3, ""encoder"": ""gcn"", ""epochs"": 300, ""features"": {""node"": {""coords_sincos"": true, ""degree"": true, ""log_pop"": true, ""pop_missing"": true}, ""pair"": {""distance"": true, ""same_country"": true}}, ""hidden"": 64, ""layers"": 2, ""lr"": 0.01, ""out"": 32, ""patience"": 30, ""seed"": 0}",test20,1,val,hard,0.8460036349434576,0.8578914421347485,0.5228951255539144,2026-10-01T16:14:03
gae_gcn,"{""dropout"": 0.3, ""encoder"": ""gcn"", ""epochs"": 300, ""features"": {""node"": {""coords_sincos"": true, ""degree"": true, ""log_pop"": true, ""pop_missing"": true}, ""pair"": {""distance"": true, ""same_country"": true}}, ""hidden"": 64, ""layers"": 2, ""lr"": 0.01, ""out"": 32, ""patience"": 30, ""seed"": 0}",test20,2,val,random,0.9912879176312213,0.9902597555700905,0.9778434268833087,2026-10-01T16:14:22
gae_gcn,"{""dropout"": 0.3, ""encoder"": ""gcn"", ""epochs"": 300, ""features"": {""node"": {""coords_sincos"": true, ""degree"": true, ""log_pop"": true, ""pop_missing"": true}, ""pair"": {""distance"": true, ""same_country"": true}}, ""hidden"": 64, ""layers"": 2, ""lr"": 0.01, ""out"": 32, ""patience"": 30, ""seed"": 0}",test20,2,val,hard,0.856958647609032,0.8623092798374454,0.5539143279172821,2026-10-01T16:14:22
gae_gcn,"{""dropout"": 0.3, ""encoder"": ""gcn"", ""epochs"": 300, ""features"": {""node"": {""coords_sincos"": true, ""degree"": true, ""log_pop"": true, ""pop_missing"": true}, ""pair"": {""distance"": true, ""same_country"": true}}, ""hidden"": 64, ""layers"": 2, ""lr"": 0.01, ""out"": 32, ""patience"": 30, ""seed"": 0}",test20,3,val,random,0.9870202409186414,0.9863300624942957,0.9409158050221565,2026-10-01T16:14:27
gae_gcn,"{""dropout"": 0.3, ""encoder"": ""gcn"", ""epochs"": 300, ""features"": {""node"": {""coords_sincos"": true, ""degree"": true, ""log_pop"": true, ""pop_missing"": true}, ""pair"": {""distance"": true, ""same_country"": true}}, ""hidden"": 64, ""layers"": 2, ""lr"": 0.01, ""out"": 32, ""patience"": 30, ""seed"": 0}",test20,3,val,hard,0.8365584547344811,0.8531430527550548,0.5302806499261448,2026-10-01T16:14:28
gae_gcn,"{""dropout"": 0.3, ""encoder"": ""gcn"", ""epochs"": 300, ""features"": {""node"": {""coords_sincos"": true, ""degree"": true, ""log_pop"": true, ""pop_missing"": true}, ""pair"": {""distance"": true, ""same_country"": true}}, ""hidden"": 64, ""layers"": 2, ""lr"": 0.01, ""out"": 32, ""patience"": 30, ""seed"": 0}",test20,4,val,random,0.9839351208411424,0.9844354385617992,0.9438700147710487,2026-10-01T16:14:33
gae_gcn,"{""dropout"": 0.3, ""encoder"": ""gcn"", ""epochs"": 300, ""features"": {""node"": {""coords_sincos"": true, ""degree"": true, ""log_pop"": true, ""pop_missing"": true}, ""pair"": {""distance"": true, ""same_country"": true}}, ""hidden"": 64, ""layers"": 2, ""lr"": 0.01, ""out"": 32, ""patience"": 30, ""seed"": 0}",test20,4,val,hard,0.8357773564404609,0.8518621548339408,0.5302806499261448,2026-10-01T16:14:33
